{
  "baseline": {
    "per_channel_db": [
      3.97732942907378,
      4.863418319579179,
      3.4855120673943363,
      3.744975119712656
    ],
    "average_db": 4.0178087339399875
  },
  "yours": {
    "per_channel_db": [
      11.89533280935434,
      9.493683376555545,
      9.49368378678032,
      9.493683047446096
    ],
    "average_db": 10.094095755034076
  }
}