{
  "baseline": {
    "per_channel_db": [
      3.97732942907378,
      4.863418319579179,
      3.4855120673943363,
      3.744975119712656
    ],
    "average_db": 4.0178087339399875
  },
  "yours": {
    "per_channel_db": [
      11.009685965502916,
      8.299926561310464,
      12.416260808755046,
      7.442573892285839
    ],
    "average_db": 9.792111806963568
  }
}